{
    "products": [{
       "id" : 1,
       "name" : "Clinical Trials",
       "group" : "Practice Of Medicine",
       "color" : "#003da5",
       "deductibleColor" : "#000000",
       "including" : [],
       "d" : "80",
       "h" : "20"
    },
    {
       "id" : 2,
       "name" : "Electronic Media",
       "group" : "Practice Of Medicine",
       "color" : "#003da5",            
       "deductibleColor" : "#000000",
       "including" : []
    },
    {
       "id" : 3,
       "name" : "Emergency First Aid",
       "group" : "Practice Of Medicine",
       "color" : "#003da5", 
       "deductibleColor" : "#000000",
       "including" : []
    },
    {
       "id" : 4,
       "name" : "Good Samaritian Acts",
       "group" : "Practice Of Medicine",
       "color" : "#003da5",
       "deductibleColor" : "#000000",
       "including" : []
    },
    {
       "id" : 5,
       "name" : "Informed Consent",
       "group" : "Practice Of Medicine",
       "color" : "#003da5",
       "deductibleColor" : "#000000",
       "including" : []
    },
    {
       "id" : 6,
       "name" : "Contractural Liability",
       "group" : "Practice Of Medicine",
       "color" : "#003da5",
       "deductibleColor" : "#000000",
       "including" : []
    },
    {
       "id" : 7,
       "name" : "Cyber Liability",
       "group" : "Practice Of Medicine",
       "color" : "#003da5",
       "deductibleColor" : "#000000",
       "including" : []
    },
    {
       "id" : 8,
       "name" : "Limited Sexual Misconduct",
       "group" : "Practice Of Medicine",
       "color" : "#003da5",
       "deductibleColor" : "#000000",
       "including" : []
    },
    {
       "id" : 9,
       "name" : "Medical Office Premises Liability",
       "group" : "Practice Of Medicine",
       "color" : "#003da5",
       "deductibleColor" : "#000000",
       "including" : []
    },
    {
       "id" : 10,
       "name" : "Management of Medical Records and Personal Medical Information",
       "group" : "Practice Of Medicine",
       "color" : "#003da5",
       "deductibleColor" : "#000000",
       "including" : []
    },
    {
       "id" : 11,
       "name" : "Medical Director Administrative Services",
       "group" : "Practice Of Medicine",
       "color" : "#003da5",
       "deductibleColor" : "#000000",
       "including" : []
    },
    {
       "id" : 12,
       "name" : "Non-Medical and Specified Medical Employees",
       "group" : "Practice Of Medicine",
       "color" : "#003da5",
       "deductibleColor" : "#000000",
       "including" : []
    },
    {
       "id" : 13,
       "name" : "Organization Shared Limit",
       "group" : "Practice Of Medicine",
       "color" : "#003da5",
       "deductibleColor" : "#000000",
       "including" : []
    },
    {
       "id" : 14,
       "name" : "Peer Review and Quality Assurance",
       "group" : "Practice Of Medicine",
       "color" : "#003da5",
       "deductibleColor" : "#000000",
       "including" : []
    },
    {
       "id" : 15,
       "name" : "Personal Injury",
       "group" : "Practice Of Medicine",
       "color" : "#003da5",
       "deductibleColor" : "#000000",
       "including" : []
    },
    {
       "id" : 16,
       "name" : "Refusal to Treat or Patient Abandonment",
       "group" : "Practice Of Medicine",
       "color" : "#003da5",
       "deductibleColor" : "#000000",
       "including" : []
    },
    {
       "id" : 17,
       "name" : "Regulatory Defense",
       "group" : "Practice Of Medicine",
       "color" : "#003da5",
       "deductibleColor" : "#000000",
       "including" : []
    },
    {
       "id" : 18,
       "name" : "Supervision of Medical Students and Residents",
       "group" : "Practice Of Medicine",
       "color" : "#003da5",
       "deductibleColor" : "#000000",
       "including" : []
    },
    {
       "id" : 19,
       "name" : "Volunteer Work",
       "group" : "Practice Of Medicine",
       "color" : "#003da5",
       "deductibleColor" : "#000000",
       "including" : []
    },
    {
       "id" : 20,
       "name" : "Commercial General Liability",
       "group" : "Business Of Medicine",
       "color" : "#0092bd",
       "deductibleColor" : "#000000",
       "including" : []
    },
    {
       "id" : 21,
       "name" : "Commercial Transportation",
       "group" : "Business Of Medicine",
       "color" : "#2cc7f4",
       "deductibleColor" : "#000000",
       "including" : []
    },
    {
       "id" : 22,
       "name" : "Commerical Umbrella",
       "group" : "Business Of Medicine",
       "color" : "#0681a5",
       "deductibleColor" : "#000000",
       "including" : []
    },
    {
       "id" : 23,
       "name" : "Directors and Officers Liability",
       "group" : "Business Of Medicine",
       "color" : "#3f97b0",
       "deductibleColor" : "#000000",
       "including" : [
          "Fiduciary Liability",
          "Employee Benefits",
          "Antitrust"
       ]
    },
    {
       "id" : 24,
       "name" : "Employment Practices Liability",
       "group" : "Business Of Medicine",
       "color" : "#7ad9f4",
       "deductibleColor" : "#000000",
       "including" : []
    },
    {
       "id" : 25,
       "name" : "Errors and Omissions",
       "group" : "Business Of Medicine",
       "color" : "#03556d",
       "deductibleColor" : "#000000",
       "including" : [
          "Managed Care"    
       ]
    },
    {
       "id" : 26,
       "name" : "Pollution",
       "group" : "Business Of Medicine",
       "color" : "#099ec8",
       "deductibleColor" : "#000000",
       "including" : []
    },
    {
       "id" : 27,
       "name" : "Pandemic",
       "group" : "Business Of Medicine",
       "color" : "#099ecc",
       "deductibleColor" : "#000000",
       "including" : []
    },
    {
       "id" : 28,
       "name" : "Workers' Compensation",
       "group" : "Business Of Medicine",
       "color" : "#85d8f2",
       "deductibleColor" : "#000000",
       "including" : []
    },
    {
       "id" : 29,
       "name" : "Workplace Violence",
       "group" : "Business Of Medicine",
       "color" : "#036886",
       "deductibleColor" : "#000000",
       "including" : []
    },
    {
       "id" : 30,
       "name" : "Cyber Liability",
       "group" : "Regulation Of Medicine",
       "color" : "#F24F00",
       "deductibleColor" : "#000000",
       "including" : [
          "Cyber Extortion",
          "Cyber Terrorism",
          "Multimedia Liability",
          "Network Asset",
          "Protection",
          "Privacy Regulatory",
          "Defense and Penalties",
          "Privacy Breach",
          "Response Costs",
          "Customer Notification Expense",
          "Customer Support",
          "Cost of Credit Monitoring"
       ]
    },
    {
       "id" : 31,
       "name" : "Regulatory Coverage",
       "group" : "Regulation Of Medicine",
       "color" : "#c34001",
       "deductibleColor" : "#000000",
       "including" : [
          "Billing Errors",
          "EMTALA",
          "HIPAA",
          "Stark, Anti-kickback and False Claims Act"
       ]
    }]
}
